translate,normalized_term
first day of spring 2025,first day of spring 2025
david lindgren,david lindgren
donny huijsen,donny huijsen
truant day,david lindgren
direkt36 Hungarian péter,david lindgren
sharon stone,david lindgren
st patrick day,st patrick day
nice earthquake,nice earthquake
mcveggie burger canada,david lindgren
ufc london,ufc london
christopher steiner,david lindgren
eurojackpot,david lindgren
king kong,david lindgren
alfredo harp helú stadium,david lindgren
brazil - colombia,brazil - colombia
jakarta floods,jakarta floods
Thailand vs Afghanistan,Thailand vs Afghanistan
pension increase,pension increase
portugal denmark,portugal denmark
rtp1,david lindgren
Rwanda vs Nigeria,Rwanda vs Nigeria
carla zambelli,david lindgren
tvp sports,david lindgren
father's day,father's day
lakers vs spurs,lakers vs spurs
selic,david lindgren
Israel,portugal denmark
Elkana Bohbot,david lindgren
hudson bay liquidation sales,hudson bay liquidation sales
knockout standings table,david lindgren
rude,david lindgren
Quanle,david lindgren
clippers vs cavaliers,clippers vs cavaliers
santa fe vs millionaires,david lindgren
that hey vs,david lindgren
San Marino - Romania,San Marino - Romania
amazon layoffs,david lindgren
Denmark vs Portugal,portugal denmark
of mole,david lindgren
snow white disney movie box office,snow white disney movie box office
dc dark legion,david lindgren
Rhian Sugden,david lindgren
Ebua and Ai Kwan ep 21,david lindgren
tracy morgan,david lindgren
Valerie Dittli,david lindgren
Dai Penny,david lindgren
Lee Shau Kee,Lee Shau Kee
Chu Thanh Huyen,david lindgren
croatia vs france,portugal denmark
treacherous,david lindgren
serbia vs austria,portugal denmark
prisoner exchange today,david lindgren
Serbia – Austria,portugal denmark
f-47,f-47
egypt x sierra leone,Rwanda vs Nigeria
starbucks snoopy,david lindgren
Styria municipal council election 2025,david lindgren
one ui 7.0,david lindgren
Taivalkoski,david lindgren
Episode 19 of the series Fahd Al Batal,Episode 19 of the series Fahd Al Batal
google pixel 9a,google pixel 9a
sam fender,david lindgren
swiss open 2025,david lindgren
amounts,david lindgren
nestor soto,david lindgren
emilie dequenne children,emilie dequenne children
warriors vs raptors,lakers vs spurs
Dua Lipa Melbourne,Dua Lipa Melbourne
huachipato - o'higgins,david lindgren
warriors vs bucks,lakers vs spurs
magic vs lakers,lakers vs spurs
jan barta,david lindgren
lotto result march 25 2025,lotto result march 25 2025
brand delft,david lindgren
Korea vs. Oman,Korea vs. Oman
pip disability benefits,david lindgren
george forman,david lindgren
Belgium – Ukraine,portugal denmark
fall,david lindgren
Talavera de la Reina Roman Bridge,david lindgren
cubs - dodgers,cubs - dodgers
ewa tylman,david lindgren
Gal Gadot,david lindgren
cherry blossoms,cherry blossoms
men's day,father's day
on Tuesday,on Tuesday
ambrosia,david lindgren
memory day truth and justice,memory day truth and justice
good news,david lindgren
krunal pandya,david lindgren
women's america - national athletic,women's america - national athletic
participants Nokere Kourse 2025,david lindgren
msu results,david lindgren
dream jose,david lindgren
lewis hamilton,david lindgren
visa waiver your,visa waiver your
Dariusz Michalczewski,david lindgren
mh720,david lindgren
yellow flowers meaning,david lindgren
tuberculosis,david lindgren
ventotene poster,david lindgren
happiest countries,david lindgren
camden,david lindgren
bolivia x uruguay,brazil - colombia
Poland – Lithuania,portugal denmark
happy gilmore,happy gilmore
Romania - Bosnia-Herzegovina,Romania - Bosnia-Herzegovina
Piero Marrazzo,david lindgren
lsg vs dc,david lindgren
norway,portugal denmark
dermot clemenger,david lindgren
Dorinel Munteanu,david lindgren
Zizou,david lindgren
daniel caesar,david lindgren
luis garcia,david lindgren
time change summer time,first day of spring 2025
no other land,david lindgren
ece uner,david lindgren
No confidence debate 2025,david lindgren
flower with heart,david lindgren
Romania u21,david lindgren
annalena baerbock un,annalena baerbock un
Siri Christianity,david lindgren
Takeru Rodtan match,david lindgren
Germany-Italy,Germany-Italy
state garden,david lindgren
srh vs rr,srh vs rr
Ecuador - Venezuela,brazil - colombia
Farida Saif Al-Nasr,david lindgren
Stubbs,Stubbs
Cubs vs. Dodgers,cubs - dodgers
syed saddiq,david lindgren
rtve,david lindgren
Japan vs Saudi Arabia,Korea vs. Oman
oula Lintula,david lindgren
Portugal will be left in the dark,david lindgren
Akira Sasaki,Akira Sasaki
snbp,david lindgren
Netherlands – Spain,portugal denmark
Hannu karpo,david lindgren
martin storm,martin storm
Steven Wongso,david lindgren
What time does Argentina-Brazil play?,brazil - colombia
latest presidential poll,david lindgren
visa waiver,visa waiver your
tolima - llaneros,david lindgren
wolf skin,david lindgren
capri peppino,david lindgren
Nagyerde Stadium,david lindgren
angel strap,david lindgren
andrew tate,david lindgren
paulina smaszcz,david lindgren
flood north of Sabah,david lindgren
Lottery statistics released on Tuesday,david lindgren
Asaf Rapaport,david lindgren
Kim Sae-ron Marriage,david lindgren
Valeria Marini,david lindgren
koba la d,david lindgren
peter lanzani,david lindgren
canucks vs rangers,david lindgren
chp ekrem imamoglu voting,chp ekrem imamoglu voting
thomas axis,david lindgren
Check Lao lottery for 24 March 2025.,Check Lao lottery for 24 March 2025.
Vietnam - Cambodia,Thailand vs Afghanistan
Instead of lipstick,david lindgren
sparta trinec,sparta trinec
Momoko Kikuchi,david lindgren
women’s march madness,women’s march madness
apple iphone 17,apple iphone 17
Mariann from Hermány,david lindgren
Novak Djokovic,Novak Djokovic
Abu Ishaq Al-Huwaini,Abu Ishaq Al-Huwaini
Bjarne Henriksen,david lindgren
israel vs estonia,portugal denmark
New Taipei Travel Guide,david lindgren
nigeria vs rwanda match,Rwanda vs Nigeria
dragon,david lindgren
Romania vs,Romania - Bosnia-Herzegovina
add brand,david lindgren
mircea takes,david lindgren
big time rush budapest,david lindgren
man city - chelsea,man city - chelsea
Moshe Nussbaum,david lindgren
trubisoda,david lindgren
elder valentine,david lindgren
floods in Jakarta,jakarta floods
vipraj corporation,david lindgren
Ryogo Matsumaru,david lindgren
Denmark – Portugal,portugal denmark
Botswana – Algeria,Rwanda vs Nigeria
belgium vs ukraine,portugal denmark
ekrem imamoglu,chp ekrem imamoglu voting
Czech Republic – Faroe Islands,Czech Republic – Faroe Islands
egypt vs sierra leone,Rwanda vs Nigeria
opelka,david lindgren
antofagasta - temuco,david lindgren
fargo,david lindgren
Sita Puapimon,david lindgren
diana mackey,david lindgren
annalena baerbock,annalena baerbock un
earth hour,first day of spring 2025
Andong forest fire,david lindgren
Scotland vs Greece,portugal denmark
tax increase,david lindgren
state of emergency in Slovakia,david lindgren
Dan Beaton,david lindgren
ekrem imamoğlu,chp ekrem imamoglu voting
schools Neusiedl am See,david lindgren
Madagascar,Rwanda vs Nigeria
Italy Germany,Germany-Italy
nasa astronaut sunita williams,nasa astronaut sunita williams
Jussi gala 2025,david lindgren
Abu Hamza,david lindgren
musetti djokovic,Novak Djokovic
tiphaine auziere,david lindgren
germany x italy,Germany-Italy
usa vs panama,david lindgren
st patrick's day,st patrick day
haiti,david lindgren
real madrid x arsenal,real madrid x arsenal
lottery drawing today,Check Lao lottery for 24 March 2025.
pride,david lindgren
Italy – Germany,Germany-Italy
tigers - real cartagena,david lindgren
trehuaco,david lindgren
bomb river room,david lindgren
samsung one ui 7,samsung one ui 7
Spain – Netherlands,portugal denmark
Karen Seebach,david lindgren
Friedrich Merz pension,david lindgren
usa s ekonomi,david lindgren
earthquake,nice earthquake
russian helicopters,david lindgren
Alexander Fedorchak,david lindgren
Hungary vs Türkiye,Romania - Bosnia-Herzegovina
england x albania,portugal denmark
cesarean port,david lindgren
Mother's Day,david lindgren
New Jeans,david lindgren
canada travel warnings,david lindgren
hyun bin,hyun bin
Denisa Nesvačilová,david lindgren
Jisoo,david lindgren
digvesh singh,david lindgren
Sudan vs. South Sudan,Rwanda vs Nigeria
English football,portugal denmark
Filiz Akin,david lindgren
Pope Francis,david lindgren
Saudi Arabia and China match,Korea vs. Oman
Ethiopia vs Egypt,Rwanda vs Nigeria
men's day in mexico,david lindgren
rayyan baniya,david lindgren
portugal - denmark,portugal denmark
indonesia richest woman,david lindgren
What choice do you have tomorrow?,david lindgren
benign,david lindgren
line marked,david lindgren
Israel against Estonia,portugal denmark
olof k gustafsson,david lindgren
Al-Ahly,Al-Ahly
f1 standings,f1 standings
alarms,alarms
driver license,driver license
what a holiday today,first day of spring 2025
the polar price,david lindgren
Cherry blossoms,cherry blossoms
"Al-Madah, Part Five, Episode 19",david lindgren
women's chelsea,women's chelsea
Lisbon carris strike,david lindgren
dazn,david lindgren
mortgage rates nz,david lindgren
train strike,david lindgren
cal,david lindgren
shirt vs,david lindgren
You Zhibin,david lindgren
lawrence stroll,david lindgren
assassin's creed shadows,assassin's creed shadows
chocolate dubai,chocolate dubai
I met Mäkinen,david lindgren
boycott grocery stores,david lindgren
sweet guluva big brother mzansi,david lindgren
knight riders vs royal challengers,david lindgren
the public prosecutor rainer hunold,the public prosecutor rainer hunold
italy x germany,Germany-Italy
ciara zelmerlow,ciara zelmerlow
this city is ours,david lindgren
france croatia,portugal denmark
rockets vs nuggets,lakers vs spurs
international league,women's chelsea
Netherlands - Spain,portugal denmark
scarlets vs stormers,david lindgren
CEO of Tokmanni,david lindgren
myasthenia gravis,david lindgren
elon musk,david lindgren
Lao lottery today,Check Lao lottery for 24 March 2025.
time change 2025,first day of spring 2025
spain – netherlands,portugal denmark
south africa,Rwanda vs Nigeria
benjamin nygren,david lindgren
retro x sport reef,david lindgren
Social Housing Fund,david lindgren
Lars Leuenberger,david lindgren
lazada epic birthday surprise,lazada epic birthday surprise
st. patrick's day,st patrick day
latest revision of the TNI bill,david lindgren
U22 Vietnam vs U22 China,U22 Vietnam vs U22 China
poleaxe,david lindgren
March 18 is a holiday,first day of spring 2025
daly cherry-evans,david lindgren
norway moldova,portugal denmark
Hubert Schmalix,david lindgren
montenegro vs,portugal denmark
Uruguay vs Argentina,brazil - colombia
james bond omaze devon house winner,david lindgren
princess leonor photos,david lindgren
aldosivi - gymnastics and jump shot,david lindgren
Ruthenian Romulus of Szent,david lindgren
sxmb,david lindgren
hawks vs 76ers,lakers vs spurs
"Fahd Al-Batal, Episode 18",Episode 19 of the series Fahd Al Batal
Fernando Burgos,david lindgren
sam rockwell,david lindgren
Bedros Kirkorov,david lindgren
maricel pacuraru,david lindgren
Gaza,Gaza
Nozomi Sasaki,Akira Sasaki
pasha pozdniakova,david lindgren
monique ryan,david lindgren
digital driver's license,driver license
Różycki bazaar,david lindgren
DNA,david lindgren
charlotte ryan,david lindgren
referral,david lindgren
"Fahd Al Batal series, Episode 25",Episode 19 of the series Fahd Al Batal
storm laurence spain,david lindgren
premier league pool 2025,david lindgren
Germany – Italy,Germany-Italy
linda fish,david lindgren
wood elections,david lindgren
England-Albania,portugal denmark
ct sport,david lindgren
besiktas - istanbulspor,david lindgren
rodtang,david lindgren
Song Jae-ik,david lindgren
mirandés - racing de santander,david lindgren
Luis Fernando Velasco,david lindgren
england x latvia,portugal denmark
Gapsu Kim,david lindgren
argentina vs sub 20,brazil - colombia
oil expropriation,david lindgren
Comet Brno,david lindgren
Eduardo Bolsonaro,Eduardo Bolsonaro
ticketmaster,david lindgren
Map of Saudi architecture,david lindgren
angelina jolie,david lindgren
Yushan Airlines,Yushan Airlines
maringá x worker,david lindgren
infant care fee,david lindgren
Yaya,david lindgren
kluivert,david lindgren
armored personnel carrier accident,david lindgren
South Africa vs Lesotho,Rwanda vs Nigeria
schweiz – luxemburg,david lindgren
Fred Houben,david lindgren
germany - italy,Germany-Italy
Juuso Nykänen,david lindgren
antonio gasalla,david lindgren
lillyeana alarié,david lindgren
Hungarian State Treasury,david lindgren
newjeans hiatus,david lindgren
Francesco Benozzo,david lindgren
Krivoy Rog,david lindgren
earthquake power,nice earthquake
Kiki,Kiki
rob the news,david lindgren
new chicago - rio quarto students,david lindgren
Henry Van Loon,david lindgren
bachelor party,david lindgren
malaga - racing ferrol,david lindgren
dangote refinery,david lindgren
teddy swims,david lindgren
maria huntington,david lindgren
Eric Per Sullivan,david lindgren
special forces,david lindgren
explosion maffle,david lindgren
germania italia highlights,Germany-Italy
My people,My people
portugal – danemark,portugal denmark
Paul Thijssen,david lindgren
high,david lindgren
portugal football,portugal denmark
narinder kaur,david lindgren
hornets vs hawks,lakers vs spurs
Ryszard Majdzik,david lindgren
super small,david lindgren
bodyguard,david lindgren
Saudi Arabia vs China,Korea vs. Oman
Eva Iloz,david lindgren
Moysyuk,david lindgren
broncos vs cowboys,david lindgren
memory truth and justice,memory day truth and justice
cherry blossom,cherry blossoms
dear dk,dear dk
cave,david lindgren
tanker explosion in abuja,david lindgren
Lai Qingmei,Lai Qingmei
Nigeria,Rwanda vs Nigeria
queen,david lindgren
Patrick's name day,st patrick day
earthquake Italy,nice earthquake
Imre Czernus,david lindgren
March 22 is a holiday,first day of spring 2025
bosnia and herzegovina - cyprus,Romania - Bosnia-Herzegovina
london heathrow airport fire,london heathrow airport fire
eleven father's day,father's day
italy - germany,Germany-Italy
vivo t4 5g launch,david lindgren
Yes,david lindgren
england – latvia,portugal denmark
Brazil vs Colombia,brazil - colombia
Richard Olsson,david lindgren
players championship,players championship
music in the rental,david lindgren
ringier against,david lindgren
winston peters,david lindgren
usha vance,david lindgren
Camilla Läckberg,david lindgren
"Fahd Al Batal series, episode 19",Episode 19 of the series Fahd Al Batal
Iran vs Uzbekistan,david lindgren
dr.dk,dear dk
stefano de martino,david lindgren
m siddharth,david lindgren
bogotá - patriots,david lindgren
poland vs lithuania,portugal denmark
lipton peach iced tea discontinued,david lindgren
Brazil vs Argentina,brazil - colombia
f1,f1 standings
Croatia vs France,portugal denmark
Thaksin Shinawatra,david lindgren
"euromillions March 21, 2025","euromillions March 21, 2025"
Mass cancellation of BBVA accounts,david lindgren
m is for love,david lindgren
Zamalek vs El Gouna,david lindgren
Martin Ingebrigtsen,Martin Ingebrigtsen
ipl live score,ipl live score
Christ Gardell,david lindgren
man city vs chelsea,man city - chelsea
martinho storm,martin storm
South American draw,david lindgren
drama white island eruption,david lindgren
persona 4 remake,david lindgren
mounted reimanns,david lindgren
gold prices,gold prices
agustin laje,david lindgren
loadshedding,david lindgren
Gao Shichuan,Gao Shichuan
tonal,david lindgren
Gregor Gysi Bundestag,david lindgren
emergency Spain,david lindgren
Kazan,david lindgren
Shlomo Artzi,david lindgren
solo leveling season 2,solo leveling season 2
Ingrid Halstensen,david lindgren
Poroshenko,david lindgren
sinkhole,david lindgren
Holland - Spain,portugal denmark
ripple,david lindgren
China vs Australia,Korea vs. Oman
real madrid - olimpia milan,david lindgren
gaza,Gaza
morgan rogers,david lindgren
North Macedonian,david lindgren
Ethiopia vs Djibouti,Rwanda vs Nigeria
women's champions league,women's chelsea
stevie wonder,david lindgren
Tik Shiro,david lindgren
Shizuoka City Council election,david lindgren
rosenstolz,david lindgren
George Beit Ada,david lindgren
von der leyen,von der leyen
the heather,david lindgren
nintendo switch 2,david lindgren
Malaysia vs Nepal,david lindgren
winter storm warning,david lindgren
Stephanie Atallah,david lindgren
Ukraine - Belgium,portugal denmark
barcelona women,barcelona women
nilavuku en mel ennadi kobam,david lindgren
human rights day,david lindgren
xrp,david lindgren
Sageder Fenster und Türenwerk GmbH,david lindgren
Wu Wanjun,david lindgren
Forest fire status,david lindgren
"orange alert, heavy rain",david lindgren
Lagiacrus,david lindgren
Unified invoice,david lindgren
tinubu rivers state emergency rule,david lindgren
Klaus Iohannis,david lindgren
my,My people
Poland – Malta,portugal denmark
light phenomenon in the sky,david lindgren
adolescence,david lindgren
eddy mitchell,david lindgren
Rita Cetina scholarship card delivery,david lindgren
messi,david lindgren
newjeans ador injunction,david lindgren
senecura sale,david lindgren
dad ipl 2025,ipl live score
Li Hong Law Firm,david lindgren
Slavyansk,david lindgren
a heart attack at 46 years old,david lindgren
salvini blocks speed camera decree,david lindgren
seema haider,david lindgren
summer time 2025,first day of spring 2025
Germany - Italy,Germany-Italy
india vs maldives,david lindgren
snuggs,david lindgren
playoffs,david lindgren
Who is the minister?,Who is the minister?
Thailand meets Afghanistan,Thailand vs Afghanistan
njz newjeans,david lindgren
Atlanta United vs. Inter Miami,Atlanta United vs. Inter Miami
Did Tanyeli die?,david lindgren
cannon,david lindgren
Turkey-Hungary,Romania - Bosnia-Herzegovina
Okayama wildfire,david lindgren
the weather tomorrow,the weather tomorrow
moldova vs norway,portugal denmark
saturday,on Tuesday
Julia Klöckner,david lindgren
Janne Ahonen,david lindgren
northern lights Netherlands,northern lights Netherlands
Jeong Gye-seon,david lindgren
Avi Maoz,david lindgren
Zamalek,david lindgren
black linda,david lindgren
empd strike,david lindgren
man's day,father's day
Tomorrow's temperature,the weather tomorrow
barcelona b,barcelona women
Ignacio Oliva journalist,david lindgren
eddie jordan,david lindgren
Van Hanh mall,david lindgren
Eli Desa,david lindgren
Cambodian king contest,david lindgren
participants classic brugge de panne 2025,david lindgren
Big Dipper Radio Wave,david lindgren
jujuy gymnastics - temperley,david lindgren
norway vs,portugal denmark
Somaliland,david lindgren
jeffrey goldberg,david lindgren
shahrul nasrun,david lindgren
poland x malta,portugal denmark
lecco - vicenza,david lindgren
former minister chief executive,david lindgren
social benefit,david lindgren
heli backman,david lindgren
madagascar vs ghana,Rwanda vs Nigeria
st kilda vs geelong,st kilda vs geelong
Gao Taiyu,Gao Shichuan
three,david lindgren
Channels broadcasting the Egyptian national team match,david lindgren
Ariel Ariel,david lindgren
liv lisa fries,david lindgren
summer time,first day of spring 2025
socceroos vs china,Korea vs. Oman
granada - real oviedo,david lindgren
Japan meets Saudi Arabia,Korea vs. Oman
Hassan Nawaz,david lindgren
gattuso,david lindgren
Kristyna Shrovka,david lindgren
Frank Erichsen,david lindgren
sprint race f1,f1 standings
entry into the USA,entry into the USA
French patrol,david lindgren
Spain vs Netherlands,portugal denmark
spain vs holland,portugal denmark
portugal game,portugal denmark
ester ledecka,david lindgren
ihsg,ihsg
or. from chile - santiago morning,david lindgren
final destination,david lindgren
France,portugal denmark
got it,david lindgren
england football,portugal denmark
croatia - france,portugal denmark
lotto result march 17 2025,lotto result march 25 2025
solar foods,solar foods
san marino - romania,San Marino - Romania
Vote on the debt brake in the Bundestag,david lindgren
the county - pl,david lindgren
Kasper Schmeichel,david lindgren
real madrid – arsenal w.f.c.,real madrid x arsenal
the first day of spring,first day of spring 2025
barça - glagiris,david lindgren
state pension age increase,pension increase
rapper landy,david lindgren
spring 2025,first day of spring 2025
Pavel Horváth,david lindgren
abächerli media ag,david lindgren
IPK,ipl live score
too,david lindgren
Rieder lawyer motorcycle accident,david lindgren
parkinson,david lindgren
lakers vs nuggets,lakers vs spurs
tax return,david lindgren
Guo Yaoqi,david lindgren
servus tv live,david lindgren
lara gut-behrami,david lindgren
marches today,david lindgren
ivory coast vs gambia,Rwanda vs Nigeria
ipl 2025 schedule,ipl live score
f47,f-47
madonna,david lindgren
priyansh arya,david lindgren
Ryu Dam,david lindgren
Easter holidays,first day of spring 2025
rwanda vs lesotho,Rwanda vs Nigeria
the residence,david lindgren
Denmark Portugal,portugal denmark
Developed social security,david lindgren
Spanish football,david lindgren
portugal vs denmark,portugal denmark
France U-21 – England U-21,david lindgren
What time does Argentina play today?,brazil - colombia
gabriel palmero,david lindgren
daniel sabba,david lindgren
mansur slow,david lindgren
luxembourg against sweden,david lindgren
donald trump putin,donald trump putin
holiday March 19th,first day of spring 2025
jan blachowicz,david lindgren
bolivia vs uruguay,brazil - colombia
france x croatia,portugal denmark
all access,david lindgren
warriors vs nuggets,lakers vs spurs
george foreman,david lindgren
Australia vs Indonesia,Korea vs. Oman
snow white box office,snow white disney movie box office
Korea vs Oman,Korea vs. Oman
listeria outbreak nhs,david lindgren
Enagic Sports High School,david lindgren
Martijn Krabbé,david lindgren
portugal national football team,portugal denmark
bagdy emoke,david lindgren
solo leveling,solo leveling season 2
jfk files,david lindgren
Vietnam meets Laos,Thailand vs Afghanistan
Poland vs Malta,portugal denmark
Jan Vertonghen,david lindgren
Koji Aoyama,david lindgren
vignesh puthur,david lindgren
bancolombia,david lindgren
china vs australia,Korea vs. Oman
anadolu efes - fenerbahce,anadolu efes - fenerbahce
James Neesham,david lindgren
tv8,david lindgren
Spice recall currently,david lindgren
Gao Yixiang,Gao Shichuan
poland x,portugal denmark
holiday March 25th,first day of spring 2025
theft,david lindgren
angle,david lindgren
Father's Day,father's day
benfica sporting women,david lindgren
Lukashenko,david lindgren
Alexandra Hildebrandt children,david lindgren
Lithuania Finland,portugal denmark
ipg,ipl live score
Catalan Cup,Catalan Cup
spacex rocket launch spiral,david lindgren
Sedol Lee,david lindgren
tripoli,david lindgren
sudan – senegal,Rwanda vs Nigeria
ghana vs chad,Rwanda vs Nigeria
spain - netherlands,portugal denmark
barclays has issued a warning to customers over a letter the bank sent out,david lindgren
Türkiye hungary,Romania - Bosnia-Herzegovina
ipl,ipl live score
weather,the weather tomorrow
traitor 2025,david lindgren
Denmark-Portugal,portugal denmark
croatia x france,portugal denmark
ufc,ufc london
ronaldo,ronaldo
Northern Lights,northern lights Netherlands
tn live,david lindgren
Madoka 26 year old trainee doctor,david lindgren
ukraine - belgium,portugal denmark
Kolya Serga,david lindgren
root deduction in 2025,david lindgren
Targeting the convoy of the Somali President,david lindgren
nigeria match today,Rwanda vs Nigeria
maneuvers of destiny,david lindgren
power outage in the hague,david lindgren
carl erik rinsch,david lindgren
England vs Latvia,portugal denmark
Korea vs Jordan,Korea vs. Oman
Moriah Asraf,david lindgren
Adil Karaismailoğlu,david lindgren
liberators draw,david lindgren
Ferrari disqualification,david lindgren
Argentina vs Brazil,brazil - colombia
Japan vs. Saudi Arabia,Korea vs. Oman
programme paleo 2025,david lindgren
liquidation sale hudson bay,hudson bay liquidation sales
tax declaration,david lindgren
ola love is blind,david lindgren
earthquake nz,nice earthquake
Onosato,david lindgren
uefa women's champions league,women's chelsea
both weddings,david lindgren
sweden vs northern ireland,david lindgren
Eid al-Fitr holiday 2025,Eid al-Fitr holiday 2025
roxane depardieu,david lindgren
zoo hockey,david lindgren
lee si young,Lee Shau Kee
Portugal vs,portugal denmark
wendland,david lindgren
nation league,women's chelsea
Czech Republic - Faroe Islands,Czech Republic – Faroe Islands
Antonia Bálint,david lindgren
HAVE,HAVE
real madrid c. F. feminine - arsenal,real madrid x arsenal
iit jam result 2025,david lindgren
john f kennedy,david lindgren
april 1 2025 holiday,first day of spring 2025
ihsg today,ihsg
porta potty,david lindgren
sam ruthe,david lindgren
argentina vs uruguay,brazil - colombia
Nana Calistar's horoscope today,david lindgren
Anna Kyung,david lindgren
Chaeyoung Lee,Lee Shau Kee
Abu Obaida,david lindgren
Krit Narongdet,david lindgren
barcelona vs espanyol,david lindgren
k3 reunion,david lindgren
str fasa 2,david lindgren
Arsenal vs Liverpool,real madrid x arsenal
rob goossens,david lindgren
the birch leaves,david lindgren
Stefan Kvietik,david lindgren
st patricks day,st patrick day
travis scott south africa,david lindgren
Weather tomorrow,the weather tomorrow
Minami Mizada,david lindgren
england u21 - portugal u21,england u21 - portugal u21
switzerland - luxembourg,david lindgren
footballer of 2025,david lindgren
at5,david lindgren
tadeusz batyr,david lindgren
nations league,women's chelsea
san martin platense,david lindgren
Bolivia - Uruguay,brazil - colombia
wiz,wiz
lollapalooza 2025,david lindgren
real madrid vs arsenal,real madrid x arsenal
2025 national assessment simulation subjects,david lindgren
antoine miller,david lindgren
tiger woods,david lindgren
explosion cat cafe Havlíčkův ford,david lindgren
club world cup,david lindgren
pieter de cream,david lindgren
dollar,dollar
justin bieber,david lindgren
nilla fischer,david lindgren
atlanta united vs inter miami,Atlanta United vs. Inter Miami
tax annual statement 2025,tax annual statement 2025
Eighteenth Shinwa Bank scandal,david lindgren
romania san marino,San Marino - Romania
who won love island sweden 2025,david lindgren
Tetsuya Yoneda,david lindgren
René Benko divorce,david lindgren
Police operation Emmenbrücke,david lindgren
manoj bharathiraja,david lindgren
linette paolini,david lindgren
chili cup,david lindgren
Gustáv Dietz,david lindgren
cristiano ronaldo,ronaldo
Karel Croat,david lindgren
income tax 2025,tax annual statement 2025
is,david lindgren
Check Lao lottery for 17 March 2025.,Check Lao lottery for 24 March 2025.
What time does Colombia play today?,brazil - colombia
boyacá chicó - grass,david lindgren
food suns,solar foods
Italy - Germany,Germany-Italy
cnn,david lindgren
in Debrecen,david lindgren
Sudan vs Senegal,Rwanda vs Nigeria
international down syndrome day,international down syndrome day
french football,portugal denmark
they had,HAVE
Watch Far City episode 18 in one piece,david lindgren
Elena D'Amario,david lindgren
trans,david lindgren
Yushan,Yushan Airlines
indonesia national football team,david lindgren
severe weather in southern Spain,david lindgren
list outage,david lindgren
European Union War,david lindgren
Belgium Ukraine,portugal denmark
hyper knife,david lindgren
young people building the future,david lindgren
Portugal - Denmark,portugal denmark
"Fahd Al-Batal, Episode 22",Episode 19 of the series Fahd Al Batal
king charles,david lindgren
dvla driving licence surrender,david lindgren
Lai Qingmei’s party membership,Lai Qingmei
Angola vs Cape Verde,Rwanda vs Nigeria
kings vs titans,kings vs titans
xsmb,david lindgren
Naoyuki Akiyama,david lindgren
Ehsan,david lindgren
Algeria – Mozambique,Rwanda vs Nigeria
Larisa Golubkina,david lindgren
lisa stock,david lindgren
Vietnam vs Cambodia,Thailand vs Afghanistan
Copa Libertadores 2025 draw,Copa Libertadores 2025 draw
priest antônio vieira secondary school,david lindgren
reece james,david lindgren
simona stašová,david lindgren
Who is boycotting espressolab and why?,Who is boycotting espressolab and why?
fighter jet boeing f 47,fighter jet boeing f 47
down syndrome day,international down syndrome day
alpine skiing,alpine skiing
kenny arrived,david lindgren
usain bolt,david lindgren
Rakuten Securities,david lindgren
vanessa trump,david lindgren
Goldknopf,david lindgren
earth time,first day of spring 2025
march,first day of spring 2025
eggplant d,david lindgren
eden gardens weather,david lindgren
indians vs super kings,kings vs titans
Swiss national,david lindgren
Al Wasl vs. Al Jazeera,david lindgren
Sherif Mounir,david lindgren
ba lan vs malta,david lindgren
Łukasz Kadziewicz,david lindgren
Muay Thai Tangtang Jitmuangnon,david lindgren
England,portugal denmark
18 March Çanakkale victory,david lindgren
Thailand meets Sri Lanka,Thailand vs Afghanistan
college girls,david lindgren
rivers state news,david lindgren
Leicester vs Manchester United,david lindgren
Deep State,david lindgren
lalaport,david lindgren
Yoon Jin-i,hyun bin
england vs albania,portugal denmark
Palestine against Iraq,david lindgren
world,david lindgren
bordeaux-bègles – toulouse,david lindgren
Japan vs Bahrain,Korea vs. Oman
new zealand vs pakistan,david lindgren
nayib bukele mexico,david lindgren
mola bkn,david lindgren
hannes jagerhofer,david lindgren
uefa nations league,women's chelsea
mibelle,david lindgren
kent concert,david lindgren
spain today,david lindgren
Andrzej Szejna,david lindgren
made the ingebrigtsen,Martin Ingebrigtsen
Croatian Rozi,david lindgren
ian mates,david lindgren
simão sabrosa,david lindgren
bogdan towel,david lindgren
thunderstorm Austria,david lindgren
whose espressolab,Who is boycotting espressolab and why?
Atletico Madrid vs Barca,david lindgren
mario houses,david lindgren
saint-patrick,st patrick day
bali volcano eruption flights cancelled,david lindgren
cincinnati vs atlanta united,Atlanta United vs. Inter Miami
carl bennet,david lindgren
senegal vs,Rwanda vs Nigeria
mortgage interest,mortgage interest
railroad,david lindgren
League of Nations,women's chelsea
ashutosh sharma,david lindgren
Ursula von der Leyen,von der leyen
Poland,portugal denmark
Aidabella Colombia,brazil - colombia
lazada birthday sale,lazada epic birthday surprise
plane crashed honduras,david lindgren
dfb jersey,david lindgren
chocolate dubai lidl,chocolate dubai
Al-Asha Street test,david lindgren
michel fugain,david lindgren
spain holland,portugal denmark
retrograde,david lindgren
what time is indonesia vs australia,Korea vs. Oman
evacuation Brno vankovka,david lindgren
all whites,david lindgren
england vs,portugal denmark
andorra,portugal denmark
israel x norway,portugal denmark
Ruean Chon Saeng ep 15,david lindgren
what is the tax authority reviewing in 2025,tax annual statement 2025
Sazae-san final episode,david lindgren
gtc,david lindgren
orlando,david lindgren
algarve earthquake,nice earthquake
Russia accuses Romania,david lindgren
Manuel Belgrano scholarships,david lindgren
alessandra amor,david lindgren
measles,david lindgren
Takeru,david lindgren
canada election,canada election
greece vs scotland,portugal denmark
Spain vs Holland,portugal denmark
Niger – Morocco,Rwanda vs Nigeria
Yeojin Choi,david lindgren
Aleksandra Domańska,david lindgren
the prosecutor,the public prosecutor rainer hunold
reason,david lindgren
Libertadores draw 2025,Copa Libertadores 2025 draw
princess charming 2025,david lindgren
Israel today,portugal denmark
"Ukraine, Belgium",portugal denmark
israel vs norway,portugal denmark
dijon,david lindgren
Spain-Netherlands,portugal denmark
Why was Ekrem İmamoğlu detained?,chp ekrem imamoglu voting
spain vs netherlands,portugal denmark
Bram Biesterveld,david lindgren
Easter holidays 2025 Sep,first day of spring 2025
Terhi schoolboy,david lindgren
justin kluivert,david lindgren
Oren Solomon,david lindgren
fenerbahce - paris,anadolu efes - fenerbahce
fubara news,david lindgren
abolition of the heating law,david lindgren
chocolate dubai pingo doce,chocolate dubai
osman exam,david lindgren
tamim iqbal,david lindgren
league of nations,women's chelsea
reddit,david lindgren
vfl wolfsburg – fc barcelona women,david lindgren
bac 2025 simulation,david lindgren
summer hartlin,david lindgren
AFC Champions League draw,david lindgren
boletiworld puebla,david lindgren
avaí x chapecoense,david lindgren
kings league,david lindgren
How many days is the holiday?,first day of spring 2025
world cup qualifiers,world cup qualifiers
high school baseball,david lindgren
grace war,david lindgren
sea ​​rose,david lindgren
philippines regular holiday,david lindgren
spain netherlands,portugal denmark
Jessica Aber,david lindgren
earth hour 2025,first day of spring 2025
northern ireland – switzerland,david lindgren
super giants vs capitals,david lindgren
the 1,david lindgren
warriors vs roosters,lakers vs spurs
classes are suspended,david lindgren
Istanbul entry and exit ban,david lindgren
tax notice tax notice,david lindgren
prince yadav,david lindgren
Yair Golan,david lindgren
Saudi Arabia vs. China,Korea vs. Oman
conor mcgregor,david lindgren
what is state of emergency,david lindgren
rai 1 live,david lindgren
the 33,david lindgren
netherlands - spain,portugal denmark
end game of illusions,david lindgren
barcelona female,barcelona women
live tv,david lindgren
Lukaku,david lindgren
map ,david lindgren
Germany Italy,Germany-Italy
roller hockey,david lindgren
sting,david lindgren
demonstration,david lindgren
March 17 is a holiday,first day of spring 2025
flash score,david lindgren
Missed Gion Tsujiri,david lindgren
miami open,david lindgren
lasso,david lindgren
Bolsonaro,Eduardo Bolsonaro
trinec sparta,sparta trinec
new f47 fighter,fighter jet boeing f 47
Ceará SC x Fortaleza,david lindgren
storm vs panthers,david lindgren
stepmother,david lindgren
Yonatan Urich,david lindgren
wiz company,wiz
designer jul censor,david lindgren
japan vs bahrain,Korea vs. Oman
Thailand vs Sri Lanka,Thailand vs Afghanistan
oscar flower branch,david lindgren
portugal fc,portugal denmark
Ayumi Ishida,david lindgren
shut up,david lindgren
closure of bnp paribas agency,david lindgren
heathrow,london heathrow airport fire
lamayne teeth,david lindgren
new zealand earthquake,nice earthquake
highlanders vs reds,david lindgren
shelf weed explosion,david lindgren
Faroe Islands,Czech Republic – Faroe Islands
23 and me,david lindgren
Israel Norway,portugal denmark
Viennese blood mountain court,david lindgren
nadia cassini,david lindgren
my countryman,david lindgren
bulldogs vs collingwood,st kilda vs geelong
yuki false meaning,david lindgren
Croatia-France,portugal denmark
earthquake epicenter today,nice earthquake
moncayo,david lindgren
kim van oncen,david lindgren
"Fahd Al Batal series, episode 24",Episode 19 of the series Fahd Al Batal
Dedi Shamchi,david lindgren
Portugal Denmark,portugal denmark
Antam gold price precious metal,gold prices
alex eala,david lindgren
minnesota - la galaxy,david lindgren
Hokka Hokka Tei Ryuji,david lindgren
Did Instagram crash?,david lindgren
the head,david lindgren
saratoga water,david lindgren
georgia vs armenia,david lindgren
play tennis,david lindgren
samsung one ui 7 update,samsung one ui 7
Ashwin Trikamjee,david lindgren
dodgers opening game,david lindgren
Sukiya Nezumi,david lindgren
today's gasoline price,david lindgren
Barbara Fiddler's funeral,david lindgren
"10,000 RMB",david lindgren
oppenheimer,david lindgren
red,david lindgren
jake basin,david lindgren
morrisons cafe store closures,david lindgren
cameroon – libya,Rwanda vs Nigeria
Sunita Williams,nasa astronaut sunita williams
fixed-rate mortgage interest rates,mortgage interest
atlanta united–inter miami,Atlanta United vs. Inter Miami
Vietnam vs Laos,Thailand vs Afghanistan
civic decree of 18 March 2025,david lindgren
bulls vs leinster,david lindgren
floods in the community of Madrid,david lindgren
measure lindberg,david lindgren
weather warning 22 March 2025,david lindgren
box has,david lindgren
Deadly reminder,david lindgren
Hungary–Turkey,Romania - Bosnia-Herzegovina
stews,david lindgren
portugal,portugal denmark
rosetta,david lindgren
fremantle vs sydney,st kilda vs geelong
lawson,david lindgren
st. patrick day,st patrick day
trump putin,donald trump putin
brazil argentina,brazil - colombia
psg vs marseille,david lindgren
acun gunay,david lindgren
lidl store poisoning,david lindgren
Cryptocurrency,david lindgren
Civil servant salary table 2025,david lindgren
john paddy hemingway raf,david lindgren
andy peebles,david lindgren
rr vs srh,srh vs rr
joao palhinha,david lindgren
exhaustion syndrome,david lindgren
gaspar rivas,david lindgren
Siemens job cuts,david lindgren
Dua Lipa,Dua Lipa Melbourne
canadian election polls carney poilievre,canada election
emile,david lindgren
"euromillions March 25, 2025","euromillions March 21, 2025"
ecvictoria x bahia,david lindgren
Home Front Command,david lindgren
bruce willis,david lindgren
adam harrison,david lindgren
dollar blue hoy,david lindgren
godoy nail,david lindgren
Demand,david lindgren
real madrid femenino vs arsenal w.f.c.,real madrid x arsenal
Libertadores cup draw,Copa Libertadores 2025 draw
Thesis,david lindgren
astronauts stuck in space,david lindgren
Romania Bosnia,Romania - Bosnia-Herzegovina
albania vs andorra,portugal denmark
botota fox,david lindgren
Quebec – floods,david lindgren
santander bank branches closing,david lindgren
denmark - portugal,portugal denmark
shubham dubey,david lindgren
tamara tippler,david lindgren
consuelo veloso,david lindgren
colombia vs paraguay,brazil - colombia
Yellow dust forecast,david lindgren
igor tudor,david lindgren
göncz barley,david lindgren
Lina Kostenko,david lindgren
carl devos,david lindgren
cino tortorella,david lindgren
israel,portugal denmark
VP Sara Duterte,david lindgren
Viktor Hovland,david lindgren
hudson river,david lindgren
joey barton,david lindgren
milan goulash,david lindgren
gianfranco barra,david lindgren
Caroline Leavitt,david lindgren
Revelation,david lindgren
pit bull,david lindgren
Kiki is,Kiki
Siyoung Lee,Lee Shau Kee
rabies,david lindgren
ipl ticket booking,david lindgren
high cost protection,david lindgren
adam sandler happy gilmore,happy gilmore
Hu Kaibin,david lindgren
tulsi gabbard,david lindgren
musee platinum,david lindgren
atlanta united – inter miami,Atlanta United vs. Inter Miami
Dario Franceschini mother surname,david lindgren
Rolf Schim,david lindgren
jutta leerdam,david lindgren
denmark vs portugal,portugal denmark
Kota Miura,david lindgren
grasser,david lindgren
receive whatsapp message from whatsapp,david lindgren
Riyan Parag,david lindgren
O-Net score 68,david lindgren
south africa vs lesotho today,Rwanda vs Nigeria
Israel against Norway,portugal denmark
botafogo,david lindgren
new zealand earthquakes,nice earthquake
Yeonghyeonbaek,david lindgren
Hebei Caijia,david lindgren
koni winter,david lindgren
and burn,david lindgren
tomas kloucek,david lindgren
Northern lottery,Check Lao lottery for 24 March 2025.
mitchell starc,david lindgren
Angel light,david lindgren
saudi arabia vs china,Korea vs. Oman
how much is a dollar,dollar
ethiopia vs egypt,Rwanda vs Nigeria
rain,david lindgren
Chengfeng 2025,david lindgren
one championship,players championship
alliance - bucaramanga,david lindgren
nc vs kia,david lindgren
Manic depression,david lindgren
labor reform,david lindgren
Al-Ahly and Enppi,Al-Ahly
fed interest rate decision,david lindgren
Amanda Mealing,david lindgren
Caesar of Ionia,david lindgren
Bianca Salming,david lindgren
Indonesia vs Bahrain,Korea vs. Oman
Chen Jiexian,david lindgren
jean pierre bacri,david lindgren
gibraltar football,david lindgren
martin rutter,david lindgren
floods in jarandilla de la vera,david lindgren
England - Latvia,portugal denmark
cinepolis,david lindgren
s&b holzbau gmbh,david lindgren
oba otudeko,david lindgren
arnautovic,david lindgren
hum larsen,david lindgren
paola olmedo,david lindgren
tf1,david lindgren
cliff young,david lindgren
Minja Koskela,david lindgren
crazy little guy,david lindgren
Suzu Hirose,david lindgren
iphone 17,apple iphone 17
Netherlands vs Spain,portugal denmark
angst,david lindgren
sabrina carpenter,david lindgren
beca mec 2025,david lindgren
historic lucio villari,david lindgren
voice of the nation,david lindgren
Germany vs Italy,Germany-Italy
Father's Day Italy,david lindgren
ola filipek,david lindgren
boeing fighter jets,fighter jet boeing f 47
the police chief's case is missing,david lindgren
Jaakko Niinistö dead,david lindgren
silly fool,david lindgren
victoria park brisbane,david lindgren
Caracal,david lindgren
Hungarian Home Guard hand grenade,david lindgren
Saudi national team,david lindgren
kropyvnytskyi,david lindgren
Marius Reistad Martenson,david lindgren
wales vs kazakhstan,david lindgren
Sheikh Al-Huwaini,Abu Ishaq Al-Huwaini
benin vs south africa,Rwanda vs Nigeria
restaurant multertor st gallen,david lindgren
in the stones,david lindgren
eswatini vs cameroon,david lindgren
england - latvia,portugal denmark
Susanna Penttilä,david lindgren
Trail Blazers vs. Celtics,Trail Blazers vs. Celtics
France – Croatia,portugal denmark
Finland vs,portugal denmark
u22 Vietnam,U22 Vietnam vs U22 China
Minister P,Who is the minister?
Reuven works,david lindgren
Alexandra Pacuraru,david lindgren
lakers vs bulls,lakers vs spurs
snow white,david lindgren
men’s march madness,women’s march madness
Southern lottery March 23,Check Lao lottery for 24 March 2025.
conscription women,david lindgren
Germany U21 - Spain U21,england u21 - portugal u21
hv71,david lindgren
drug use Austria,david lindgren
sun valley,david lindgren
lee joon gi,david lindgren
trail blazers vs celtics,Trail Blazers vs. Celtics
Ukraine – Belgium,portugal denmark
night of power 2025,david lindgren
mika biereth,david lindgren
nigeria - zimbabwe,Rwanda vs Nigeria
Yasser Al-Shahrani,david lindgren
tristan stubbs,Stubbs
air traffic accident in Vantaa,david lindgren
croatia – france,portugal denmark
Robert Hausvik,david lindgren
dancing stars 2025 who is out,david lindgren
kirsty coventry,david lindgren
helena vondracková,david lindgren
Khun Pee Chaokha ep17,david lindgren
tupungatito volcano,david lindgren
asylum,david lindgren
Austria Serbia,portugal denmark
budget 2025,david lindgren
Miral Mustafa,david lindgren
France vs,portugal denmark
Eid al-Fitr holiday date,Eid al-Fitr holiday 2025
poland malta,portugal denmark
Line 2,david lindgren
maxine peake,david lindgren
heather roses,david lindgren
gd concert,david lindgren
mi vs csk,david lindgren
sound the alarm,alarms
bafana bafana vs benin,david lindgren
now,david lindgren
skiing today,alpine skiing
bbc,david lindgren
Why is Berkay Gezira detained?,david lindgren
imserso bus accident murcia,david lindgren
kursk,david lindgren
Yang Zhidou,david lindgren
workshops - Armenian sports,david lindgren
zschopau,david lindgren
robbie williams,david lindgren
banning pride,david lindgren
germany vs italy,Germany-Italy
Hts Suja,david lindgren
england vs latvia,portugal denmark
Hungarian Péter's girlfriend,david lindgren
Lin Yuxi,david lindgren
vietlott power lottery,david lindgren
"Fahd Al Batal series, episode 17",Episode 19 of the series Fahd Al Batal
Iraq against Kuwait,david lindgren
Poland - Lithuania,portugal denmark
gold price,gold prices
pbks vs gt,david lindgren
good people,david lindgren
u21 Germany Spain,england u21 - portugal u21
Forest fire in Gimhae city,david lindgren
Portugal vs Denmark,portugal denmark
suns vs bucks,lakers vs spurs
Khaled Al-Nabawi,david lindgren
March holiday 2025,first day of spring 2025
ppv,david lindgren
Italy vs Germany,Germany-Italy
Foreign Office entry into the USA,entry into the USA
emilie dequenne,emilie dequenne children
mls,david lindgren
fcc,david lindgren
blutregen saharastaub,david lindgren
amvca nominees 2025,david lindgren
hepatitis is the epidemic,david lindgren
rachel zegler,david lindgren
Karl Heinz Grasser,Karl Heinz Grasser
geisler ester,david lindgren
zulfu livaneli,david lindgren
ipl 2025,ipl live score
danemark – portugal,portugal denmark
Zakaria Sawo,david lindgren
elizabeth duval,david lindgren
kkr vs rcb,david lindgren
google pixel 9a launch,google pixel 9a
daniela kovářová,david lindgren
world happiness report 2025 ranking,david lindgren
oksana ionascu,david lindgren
transport strike,david lindgren
tragedy at the Katowice Pyrzowice airport,david lindgren
clippers vs thunder,clippers vs cavaliers
jitka schneiderová,david lindgren
cerundolo,david lindgren
what a holiday on March 25,first day of spring 2025
Black Forest crime scene today,david lindgren
scotland vs greece,portugal denmark
italy vs germany,Germany-Italy
liroy,david lindgren
netherlands vs spain,portugal denmark
Patrick Dorgu,david lindgren
Pokemon card new pack,david lindgren
grey's anatomy,david lindgren
eggs seized at border,david lindgren
south africa inflation expectations,david lindgren
cameroon,Rwanda vs Nigeria
denmark x portugal,portugal denmark
influencer maria kovalchuk,david lindgren
corner room,david lindgren
Beckenbauer cup,david lindgren
Poland vs,portugal denmark
you,david lindgren
Dina was stunned,david lindgren
heathrow airport,london heathrow airport fire
karl heinz grasser buwog,Karl Heinz Grasser
Assassin's Creed Shadow,assassin's creed shadows
shashank singh,david lindgren
joel jauregui,david lindgren
one championship live,players championship
godoy cruz - workshops,david lindgren
fifi dancing stars,david lindgren
hawks vs warriors,lakers vs spurs
peter bichsel,david lindgren
steyr motors stock,david lindgren
nasa astronauts sunita williams,nasa astronaut sunita williams
solo leveling season 2 12,solo leveling season 2
Qinmei,david lindgren
Israel - Norway,portugal denmark
shapovalov,david lindgren
indonesia vs china,Korea vs. Oman
Venezuela vs Peru,brazil - colombia
Saudi Arabia and Japan,Korea vs. Oman
nysc corper,david lindgren
passport fees,david lindgren
ben folds,david lindgren
catalonia cup,Catalan Cup
castellón - sports,david lindgren
women's 6 nations tournament,women's america - national athletic
Austria – Serbia,portugal denmark
pierre bail,david lindgren
a cleaning lady,david lindgren
first day of spring,first day of spring 2025
How many people entered MSU?,david lindgren
Rating check,david lindgren
cincinnati - atlanta united,Atlanta United vs. Inter Miami
aöl login,david lindgren
the Christian city,david lindgren
Paolo Maldini,david lindgren
make up your mind,david lindgren
tim bolen,david lindgren
www.miderechomilugar.gob.mx,david lindgren
jk rowling,david lindgren
george soros,david lindgren
Croatia – France,portugal denmark
happy gilmore 2 trailer,happy gilmore
The sun shines,david lindgren
malta,portugal denmark
Manuela Reimann,david lindgren
stuff,david lindgren
rick yun,david lindgren
Lin Junyan,david lindgren
Imaizumi Yui,david lindgren
Saint Joseph's prayer,david lindgren
Daniel eight,david lindgren
cirque du soleil vienna accident,david lindgren
jd vance,david lindgren
cold forecast,david lindgren
Buoy Villar,david lindgren
f1 chinese grand prix,f1 chinese grand prix
axfood,david lindgren
Jacob the kitten,david lindgren
Tahajjud prayer in Ramadan,david lindgren
Bahrain vs Japan,Korea vs. Oman
Vasile Simionas,david lindgren
ciara zelmerlöw instagram,ciara zelmerlow
participants milan san remo 2025,david lindgren
world cup qualifying,world cup qualifiers
france - croatia,portugal denmark
the police are on strike,david lindgren
Dirty 15 countries,david lindgren
line renaud,david lindgren
oliveirense player dies,david lindgren
Tokaido Shinkansen semi-private room,david lindgren
Laylat al-Qadr prayer,david lindgren
england fc,portugal denmark
zimbabwe vs nigeria,Rwanda vs Nigeria
South Korea vs. Jordan,Korea vs. Oman
gales vs,david lindgren
algeria mozambique,Rwanda vs Nigeria
croatia,portugal denmark
the last one,david lindgren
England - Albania,portugal denmark
Dean Huijsen,donny huijsen
weather tomorrow,the weather tomorrow
men's day images 2025,father's day
good american family,david lindgren
valerie lemercier,david lindgren
happy father's day,father's day
Poland vs Lithuania,portugal denmark
f1 china,f1 chinese grand prix
lipton ice tea pêche,david lindgren
blues vs crusaders,david lindgren
Austrian speed limit,david lindgren
Tainan water outage,david lindgren
Yang Qianpei,david lindgren
Channel 13,david lindgren
arsenal women,women's chelsea
Jönköping,david lindgren
true white,david lindgren
germanwings crash andreas lubitz,david lindgren
Caroline Gennez,david lindgren
stillwater,david lindgren
income 2024 tax agency,tax annual statement 2025
to,david lindgren
poland - malta,portugal denmark
Jonghee Han,david lindgren
bridge April 25,david lindgren
suntory whiskey,david lindgren
Cecilie Hellestveit,david lindgren
Manzanares River,david lindgren
Egypt vs Sierra Leone,Rwanda vs Nigeria
zdf live,david lindgren
atmospheric river chile,david lindgren
copperloa - iquique,david lindgren
when is men's day,father's day
50 million starbucks lawsuit,david lindgren
Thai football,david lindgren
boeing fighter jets f47,fighter jet boeing f 47
darling,david lindgren
Chile match today,david lindgren
Spain - Netherlands,portugal denmark
Istanbul Bar Association management was dismissed,david lindgren
portugal vs,portugal denmark
France vs Croatia,portugal denmark
ransom of love,david lindgren
sprintrace china,david lindgren
uk subs deported,david lindgren
back-to-school allowance in France,david lindgren
george kambosos,david lindgren
